clean,corrupted,target_idx,foil_idx
The name Mark is also a word meaning,The name Neil is also a word meaning,1317,4136
The name Mark is also a word meaning,The name Gene is also a word meaning,1317,4136
The name Mark is also a word meaning,The name Rose is also a word meaning,1317,4136
The name Mark is also a word meaning,The name Bill is also a word meaning,1317,4136
The name Grace is also a word meaning,The name Clay is also a word meaning,11542,20024
The name Grace is also a word meaning,The name Dawn is also a word meaning,11542,20024
The name Grace is also a word meaning,The name Dale is also a word meaning,11542,20024
The name Grace is also a word meaning,The name Glen is also a word meaning,11542,20024
The name Bill is also a word meaning,The name Neil is also a word meaning,2855,10752
The name Bill is also a word meaning,The name Gene is also a word meaning,2855,10752
The name Bill is also a word meaning,The name Mark is also a word meaning,2855,10752
The name Bill is also a word meaning,The name Rose is also a word meaning,2855,10752
The name Jack is also a word meaning,The name Neil is also a word meaning,14509,6107
The name Jack is also a word meaning,The name Gene is also a word meaning,14509,6107
The name Jack is also a word meaning,The name Mark is also a word meaning,14509,6107
The name Jack is also a word meaning,The name Rose is also a word meaning,14509,6107
The name Frank is also a word meaning,The name Neil is also a word meaning,14346,5508
The name Frank is also a word meaning,The name Gene is also a word meaning,14346,5508
The name Frank is also a word meaning,The name Mark is also a word meaning,14346,5508
The name Frank is also a word meaning,The name Rose is also a word meaning,14346,5508
The name Art is also a word meaning,The name Neil is also a word meaning,1242,10688
The name Art is also a word meaning,The name Gene is also a word meaning,1242,10688
The name Art is also a word meaning,The name Mark is also a word meaning,1242,10688
The name Art is also a word meaning,The name Rose is also a word meaning,1242,10688
The name Clay is also a word meaning,The name Grace is also a word meaning,21558,6450
The name Clay is also a word meaning,The name Dawn is also a word meaning,21558,6450
The name Clay is also a word meaning,The name Dale is also a word meaning,21558,6450
The name Clay is also a word meaning,The name Glen is also a word meaning,21558,6450
The name Dawn is also a word meaning,The name Grace is also a word meaning,17577,46166
The name Dawn is also a word meaning,The name Clay is also a word meaning,17577,46166
The name Dawn is also a word meaning,The name Dale is also a word meaning,17577,46166
The name Dawn is also a word meaning,The name Glen is also a word meaning,17577,46166
The name Olive is also a word meaning,The name Grace is also a word meaning,19450,30777
The name Olive is also a word meaning,The name Clay is also a word meaning,19450,30777
The name Olive is also a word meaning,The name Dawn is also a word meaning,19450,30777
The name Olive is also a word meaning,The name Dale is also a word meaning,19450,30777
The name Pearl is also a word meaning,The name Grace is also a word meaning,43836,43506
The name Pearl is also a word meaning,The name Clay is also a word meaning,43836,43506
The name Pearl is also a word meaning,The name Dawn is also a word meaning,43836,43506
The name Pearl is also a word meaning,The name Dale is also a word meaning,43836,43506
The name Violet is also a word meaning,The name Grace is also a word meaning,45725,14032
The name Violet is also a word meaning,The name Clay is also a word meaning,45725,14032
The name Violet is also a word meaning,The name Dawn is also a word meaning,45725,14032
The name Violet is also a word meaning,The name Dale is also a word meaning,45725,14032
The name Cliff is also a word meaning,The name Grace is also a word meaning,19516,12788
The name Cliff is also a word meaning,The name Clay is also a word meaning,19516,12788
The name Cliff is also a word meaning,The name Dawn is also a word meaning,19516,12788
The name Cliff is also a word meaning,The name Dale is also a word meaning,19516,12788
The name Grant is also a word meaning,The name Neil is also a word meaning,7264,6979
The name Grant is also a word meaning,The name Gene is also a word meaning,7264,6979
The name Grant is also a word meaning,The name Mark is also a word meaning,7264,6979
The name Grant is also a word meaning,The name Rose is also a word meaning,7264,6979
